X,Y,Z,G_x,G_y,G_z,formation
500,500,900,0.0,0.0,1.0,rock4
500,500,800,0.0,0.0,1.0,rock3
500,500,500,0.0,0.0,1.0,rock2
500,500,400,0.0,0.0,1.0,rock1
100,500,700,0.0,0.0,1.0,rock4
100,500,600,0.0,0.0,1.0,rock3
100,500,300,0.0,0.0,1.0,rock2
100,500,200,0.0,0.0,1.0,rock1
900,500,900,0.0,0.0,1.0,rock4
900,500,800,0.0,0.0,1.0,rock3
950,500,300,0.0,0.0,1.0,rock2
950,500,200,0.0,0.0,1.0,rock1
300,500,500,0.8191520442889918,5.015859645267624e-17,0.573576436351046,fault2
700,500,500,0.8191520442889918,5.015859645267624e-17,0.573576436351046,fault1
