X,Y,Z,G_z,G_y,G_x,formation
5631543.0,32305176.0,157.0,0.7071067811865476,0.4353384041180874,-0.5572077475232348,BreitgangFM
5633228.0,32305242.0,182.0,0.7071067811865476,0.3747095052206851,-0.5996605595645501,KrebsTraufeFM
5627702.0,32304614.0,200.0,0.6427876096865394,-0.4924038765061042,0.5868240888334649,WilhelmineFM
5635443.0,32305445.0,-69.0,0.7071067811865476,0.2988362387301199,-0.6408563820557885,ObererKohlenkalkGP
5627854.0,32305383.0,231.0,0.6427876096865394,-0.3237443709670644,0.694272044014884,ObererKohlenkalkGP
5634813.0,32304673.0,195.0,0.7071067811865476,0.3641869153381645,-0.6061088109378321,ObererKohlenkalkGP
5624745.0,32304526.0,276.0,0.1736481776669304,-0.9065203163653296,0.3847950446794457,ObererKohlenkalkGP
5626011.0,32304750.0,255.0,0.7071067811865476,0.4731467892558151,-0.5254827454987588,ObererKohlenkalkGP
5625073.0,32304956.0,263.0,0.1736481776669304,-0.5788554735638645,0.796726208379082,ObererKohlenkalkGP
5624935.0,32304992.0,261.0,0.1736481776669304,-0.6330222215594893,0.7544065067354887,MittlererKohlenkalkGP
5636027.0,32305120.0,-66.0,0.7071067811865476,0.2418447626479754,-0.6644630243886747,MittlererKohlenkalkGP
5635959.0,32305290.0,-73.0,0.7071067811865476,0.30997521057108,-0.6355433650282368,CondrozGP
5626610.0,32305209.0,215.0,0.7071067811865476,0.3319665256201493,-0.6243382303428862,CondrozGP
5635350.0,32304887.0,-700.0,0.7071067811865476,0.2534044072834003,-0.6601410503592006,CondrozGP
5624153.0,32304866.0,278.0,0.1736481776669304,-0.6330222215594893,0.7544065067354887,CondrozGP