X,Y,Z,formation
5631460.0,32304693.0,214.0,BreitgangFM
5631214.0,32304782.0,169.0,BreitgangFM
5633318.0,32305413.0,151.0,KrebsTraufeFM
5633360.0,32305490.0,150.0,KrebsTraufeFM
5632794.0,32304534.0,209.0,KrebsTraufeFM
5634732.0,32305025.0,195.0,WilhelmineFM
5634647.0,32304864.0,198.0,WilhelmineFM
5626011.0,32304750.0,255.0,ObererKohlenkalkGP
5627494.0,32304832.0,188.0,ObererKohlenkalkGP
5626442.0,32305316.0,214.0,ObererKohlenkalkGP
5624745.0,32304526.0,276.0,ObererKohlenkalkGP
5626428.0,32305300.0,200.0,ObererKohlenkalkGP
5626250.0,32305066.0,215.0,ObererKohlenkalkGP
5627009.0,32304608.0,196.0,MittlererKohlenkalkGP
5635446.0,32304569.0,176.0,MittlererKohlenkalkGP
5625292.0,32305231.0,247.0,MittlererKohlenkalkGP
5624002.0,32304670.0,277.0,CondrozGP
5624520.0,32305196.0,265.0,CondrozGP
