# x,y,z
620.0,180.0,420.0
650.0,190.0,432.0
680.0,205.0,445.0
710.0,225.0,458.0
740.0,250.0,470.0
770.0,280.0,480.0
790.0,315.0,488.0
805.0,350.0,492.0
815.0,390.0,494.0
820.0,430.0,492.0
818.0,470.0,487.0
810.0,510.0,480.0
795.0,545.0,470.0
772.0,575.0,458.0
745.0,600.0,445.0
715.0,620.0,432.0
682.0,635.0,420.0
648.0,642.0,410.0
615.0,640.0,402.0
585.0,628.0,397.0
558.0,607.0,395.0
536.0,580.0,397.0
520.0,548.0,402.0
510.0,512.0,410.0
505.0,475.0,420.0
506.0,438.0,432.0
512.0,400.0,445.0
525.0,362.0,458.0
545.0,325.0,470.0
570.0,290.0,480.0
598.0,255.0,488.0
635.0,250.0,445.0
670.0,275.0,460.0
705.0,305.0,472.0
735.0,340.0,482.0
758.0,378.0,486.0
770.0,420.0,484.0
768.0,462.0,476.0
752.0,500.0,464.0
725.0,532.0,450.0
692.0,555.0,435.0
655.0,568.0,422.0
620.0,570.0,412.0
590.0,560.0,406.0
565.0,540.0,404.0
548.0,510.0,408.0
542.0,475.0,416.0
548.0,438.0,428.0
565.0,402.0,442.0
592.0,370.0,456.0
660.0,340.0,470.0
690.0,370.0,478.0
710.0,405.0,480.0
715.0,442.0,474.0
705.0,478.0,462.0
682.0,508.0,446.0
650.0,528.0,430.0
618.0,532.0,418.0
592.0,520.0,412.0
575.0,492.0,414.0
572.0,455.0,424.0
585.0,418.0,440.0
612.0,385.0,456.0
