#x,y,z
183.12500000,616.00000000,250.00000100
172.15625000,622.50000000,267.68017679
161.15625000,629.00000000,285.36035257
152.96875000,641.00000000,301.64428811
144.75000000,652.50000000,317.92822366
152.62500000,677.50000000,317.96533303
160.50000000,702.00000000,318.00244241
168.37500000,727.00000000,318.03955179
176.21875000,751.50000000,318.07666116
184.09375000,776.50000000,318.11377053
191.96875000,801.00000000,318.15087991
202.71875000,825.00000000,313.87719827
214.06250000,848.50000000,308.73120218
225.40625000,872.50000000,303.58520608
236.75000000,896.00000000,298.43945413
249.81250000,888.00000000,277.16333108
262.84375000,879.50000000,255.88720803
275.87500000,871.50000000,234.61084085
288.90625000,863.00000000,213.33471780
301.96875000,855.00000000,192.05859475
315.00000000,846.50000000,170.78222757
328.03125000,838.50000000,149.50634866
341.06250000,830.00000000,128.22998147
354.09375000,822.00000000,106.95410257
367.15625000,813.50000000,85.67773538
353.68750000,792.00000000,94.67675882
340.21875000,771.00000000,103.67529397
326.75000000,749.50000000,112.67431741
313.28125000,728.00000000,121.67285257
299.81250000,706.50000000,130.67187600
286.34375000,685.00000000,139.67089944
272.87500000,663.50000000,148.66943460
259.40625000,642.00000000,157.66845803
245.93750000,620.50000000,166.66699319
230.21875000,619.50000000,187.50048929
214.53125000,618.50000000,208.33349710
198.81250000,617.50000000,229.16699319
158.37500000,662.00000000,303.46923929
202.56250000,681.50000000,251.82421975
166.46875000,650.00000000,287.25488382
169.21875000,686.00000000,299.04101663
189.78125000,649.50000000,255.42431741
170.50000000,669.00000000,289.92602639
180.12500000,659.00000000,272.67431741
187.18750000,688.50000000,275.85595803
183.03125000,633.00000000,257.32153421
193.28125000,629.50000000,242.03173929
174.56250000,641.00000000,272.35742288
211.15625000,643.00000000,223.48339944
191.96875000,668.00000000,260.40307718
180.56250000,674.00000000,278.57006936
243.93750000,778.00000000,237.55200296
239.84375000,843.50000000,271.44995218
237.71875000,878.50000000,289.57031350
231.62500000,856.50000000,288.28515725
246.12500000,865.50000000,272.50561624
222.34375000,829.50000000,289.24609475
258.18750000,851.00000000,249.88916116
249.21875000,853.00000000,262.94336038
242.71875000,646.00000000,181.97998147
293.34375000,777.50000000,170.25927835
356.71875000,808.50000000,97.56152444
336.28125000,799.00000000,121.18066507
346.43750000,800.00000000,107.80566507
338.96875000,785.50000000,111.68554788
316.62500000,773.50000000,136.91504007
327.93750000,770.50000000,120.11962991
326.59375000,786.00000000,128.71289163
322.78125000,810.00000000,144.42578225
316.68750000,791.50000000,144.62646585
303.96875000,806.50000000,168.26513772
305.37500000,777.00000000,153.68505960
312.75000000,803.00000000,155.04248147
316.15625000,824.00000000,159.32129007
302.25000000,790.00000000,163.62988382
290.53125000,738.00000000,156.89648538
302.96875000,827.50000000,178.87158303
304.31250000,754.00000000,145.23730569
295.96875000,762.00000000,160.01757913
271.93750000,751.00000000,187.83252053
284.03125000,761.00000000,175.76757913
272.50000000,788.50000000,203.32324319
280.28125000,742.50000000,172.71142679
275.40625000,771.50000000,191.88086038
251.28125000,699.50000000,193.62939553
273.78125000,707.50000000,166.40478616
280.03125000,725.00000000,165.54248147
263.81250000,722.00000000,186.21240335
287.78125000,711.50000000,149.15722757
285.34375000,789.50000000,186.23877053
257.21875000,766.00000000,214.30981546
279.53125000,695.50000000,153.41504007
260.90625000,680.50000000,172.18212991
300.03125000,726.50000000,139.13330179
283.96875000,816.50000000,199.87011819
265.56250000,760.50000000,200.55371194
249.31250000,735.00000000,211.62793069
260.62500000,743.00000000,199.61962991
309.09375000,741.50000000,133.20996194
281.09375000,801.00000000,196.96728616
292.84375000,806.50000000,183.40283303
318.12500000,756.50000000,127.42431741
176.75000000,710.50000000,299.60449319
200.87500000,647.50000000,239.45703225
214.81250000,669.50000000,230.05444436
201.71875000,664.50000000,245.63794046
208.34375000,627.00000000,220.51171975
226.34375000,641.00000000,202.09863382
214.65625000,780.50000000,278.35913186
222.68750000,845.00000000,295.35815530
213.15625000,833.00000000,303.08178811
265.40625000,866.00000000,246.50805764
272.93750000,844.50000000,226.97680764
239.84375000,630.00000000,178.94726663
343.06250000,815.00000000,119.03271585
333.28125000,816.00000000,132.66455179
262.59375000,704.50000000,180.41650491
260.34375000,661.50000000,164.71289163
249.15625000,666.00000000,181.87988382
250.96875000,683.00000000,186.86425882
233.25000000,683.50000000,210.98559671
239.71875000,672.00000000,197.26416116
225.81250000,662.00000000,211.94287210
287.56250000,840.00000000,205.19482522
251.43750000,718.00000000,201.38720803
231.09375000,712.00000000,226.41088968
240.21875000,703.50000000,210.31640725
241.71875000,720.00000000,215.44506936
179.59375000,696.50000000,289.60302835
184.62500000,735.50000000,299.64917093
195.06250000,718.50000000,278.15991311
200.40625000,785.00000000,299.66601663
279.00000000,859.00000000,225.05273538
253.56250000,814.50000000,240.38647561
235.50000000,654.50000000,195.56982522
275.40625000,827.00000000,215.96923929
270.25000000,806.50000000,214.13232522
264.28125000,828.00000000,231.58398538
254.21875000,832.50000000,247.25830179
237.50000000,817.00000000,263.12158303
258.56250000,788.00000000,221.97265725
259.56250000,804.50000000,227.72583108
247.68750000,796.50000000,240.45922952
231.15625000,787.00000000,258.84179788
293.15625000,829.50000000,192.93994241
217.87500000,693.50000000,236.26855569
192.46875000,760.00000000,299.68628030
186.09375000,721.50000000,291.52441507
214.46875000,804.50000000,289.04541116
209.53125000,816.00000000,300.78198343
244.21875000,832.00000000,260.46362405
232.28125000,828.00000000,275.12280374
225.96875000,811.00000000,276.21899514
221.37500000,746.00000000,254.21777444
233.81250000,737.00000000,233.44067483
239.09375000,802.00000000,254.48681741
223.21875000,683.00000000,224.41577249
230.18750000,697.00000000,221.06445413
207.28125000,707.50000000,256.75659280
201.00000000,744.00000000,281.04785257
203.56250000,770.50000000,288.99389749
212.46875000,760.00000000,272.41113382
222.46875000,772.50000000,264.29248147
232.84375000,772.00000000,249.94751077
238.87500000,757.50000000,235.49023538
244.15625000,746.50000000,223.51489358
202.09375000,801.00000000,304.41992288
223.31250000,794.50000000,272.56420999
196.12500000,703.00000000,269.86914163
219.46875000,712.00000000,242.14550882
214.34375000,726.50000000,255.48046975
224.12500000,727.50000000,242.56836038
210.34375000,740.00000000,266.60717874
254.09375000,750.50000000,211.86694436
271.53125000,679.50000000,157.38330179
